[{"id":"user-image-650143.png","publicUrl":"np://user.desktop.nicepage.com/Site_369725062/images/650143.png","size":1875,"hash":"CtRiLS0pbuInyOrmgpLRx1KVnUI=","fileName":"650143.png","name":"650143","width":128,"height":128,"thumbnail":{"url":"np://user.desktop.nicepage.com/Site_369725062/images/thumbnails/650143.png","width":128,"height":128,"length":1875,"type":"png"},"folderId":null,"usages":["2059606058"]},{"id":"user-image-favicon.png","publicUrl":"np://user.desktop.nicepage.com/Site_369725062/images/favicon.png","size":29120,"hash":"pXYAhzytHmSG8ATeGQsnXZoifvU=","fileName":"favicon.png","name":"favicon","width":512,"height":512,"thumbnail":{"url":"np://user.desktop.nicepage.com/Site_369725062/images/thumbnails/favicon.png","width":250,"height":250},"folderId":null,"usages":[]}]