[{"id":1024814646,"title":"Blog Template","order":1,"templateKey":"blog","customTemplate":false,"customTemplateFilename":null,"pageLinks":[],"dateCreated":"2024-06-10T11:00:33.904Z","dateUpdated":"2024-06-10T11:00:35.334Z","folderId":null,"pageName":"Blog Template","serverPageId":null,"sectionCount":1,"status":2,"backwardUrl":null},{"id":44043445,"title":"Post Template","order":2,"templateKey":"post","customTemplate":false,"customTemplateFilename":null,"pageLinks":[],"dateCreated":"2024-06-10T11:00:34.070Z","dateUpdated":"2024-06-10T11:00:35.334Z","folderId":null,"pageName":"Post Template","serverPageId":null,"sectionCount":1,"status":2,"backwardUrl":null},{"id":29427198,"title":"Product List Template","order":3,"templateKey":"products","customTemplate":false,"customTemplateFilename":null,"pageLinks":[],"dateCreated":"2024-06-10T11:00:34.229Z","dateUpdated":"2024-06-10T11:00:35.334Z","folderId":null,"pageName":"Product List Template","serverPageId":null,"sectionCount":1,"status":2,"backwardUrl":null},{"id":36901454,"title":"Product Details Template","order":4,"templateKey":"product","customTemplate":false,"customTemplateFilename":null,"pageLinks":[],"dateCreated":"2024-06-10T11:00:34.383Z","dateUpdated":"2024-06-10T11:00:35.334Z","folderId":null,"pageName":"Product Details Template","serverPageId":null,"sectionCount":1,"status":2,"backwardUrl":null},{"id":780044,"title":"Shopping Cart Template","order":5,"templateKey":"cart","customTemplate":false,"customTemplateFilename":null,"pageLinks":[],"dateCreated":"2024-06-10T11:00:34.552Z","dateUpdated":"2024-06-10T11:00:35.335Z","folderId":null,"pageName":"Shopping Cart Template","serverPageId":null,"sectionCount":1,"status":2,"backwardUrl":null},{"id":1950716808,"title":"Checkout Template","order":6,"templateKey":"checkout","customTemplate":false,"customTemplateFilename":null,"pageLinks":[],"dateCreated":"2024-06-10T11:00:34.699Z","dateUpdated":"2024-06-10T11:00:35.335Z","folderId":null,"pageName":"Checkout Template","serverPageId":null,"sectionCount":1,"status":2,"backwardUrl":null},{"id":36122007,"title":"Login Template","order":7,"templateKey":"login","customTemplate":false,"customTemplateFilename":null,"pageLinks":[],"dateCreated":"2024-06-10T11:00:34.799Z","dateUpdated":"2024-06-10T11:00:35.335Z","folderId":null,"pageName":"Login Template","serverPageId":null,"sectionCount":1,"status":2,"backwardUrl":null},{"id":806318549,"title":"Page Password Template","order":8,"templateKey":"password","customTemplate":false,"customTemplateFilename":null,"pageLinks":[],"dateCreated":"2024-06-10T11:00:34.869Z","dateUpdated":"2024-06-10T11:00:35.335Z","folderId":null,"pageName":"Page Password Template","serverPageId":null,"sectionCount":1,"status":2,"backwardUrl":null},{"id":962827549,"title":"404 Not Found Template","order":9,"templateKey":"404","customTemplate":false,"customTemplateFilename":null,"pageLinks":[],"dateCreated":"2024-06-10T11:00:34.931Z","dateUpdated":"2024-06-10T11:00:35.335Z","folderId":null,"pageName":"404 Not Found Template","serverPageId":null,"sectionCount":1,"status":2,"backwardUrl":null},{"id":113269980,"title":"Thank You Page Template","order":10,"templateKey":"ThankYou","customTemplate":false,"customTemplateFilename":null,"pageLinks":[],"dateCreated":"2024-06-10T11:00:34.986Z","dateUpdated":"2024-06-10T11:00:35.335Z","folderId":null,"pageName":"Thank You Page Template","serverPageId":null,"sectionCount":1,"status":2,"backwardUrl":null},{"id":180730361,"title":"Главная","order":50,"templateKey":null,"customTemplate":false,"customTemplateFilename":null,"pageLinks":["180730361"],"dateCreated":"2024-06-10T11:00:35.755Z","dateUpdated":"2024-06-16T17:50:10.574Z","folderId":null,"pageName":"Главная_180730361","serverPageId":null,"sectionCount":1,"status":2,"backwardUrl":null},{"id":863327436,"title":"Измерение параметров","order":51,"templateKey":null,"customTemplate":false,"customTemplateFilename":null,"pageLinks":["180730361"],"dateCreated":"2024-06-10T12:19:53.717Z","dateUpdated":"2024-06-16T17:49:38.721Z","folderId":null,"pageName":"Измерение параметров_863327436","serverPageId":null,"sectionCount":1,"status":2,"backwardUrl":null},{"id":2059606058,"title":"Пользователи","order":52,"templateKey":null,"customTemplate":false,"customTemplateFilename":null,"pageLinks":["180730361"],"dateCreated":"2024-06-10T12:20:40.840Z","dateUpdated":"2024-06-16T17:43:05.237Z","folderId":null,"pageName":"Пользователи_2059606058","serverPageId":null,"sectionCount":1,"status":2,"backwardUrl":null},{"id":10643024,"title":"Дисплей","order":53,"templateKey":null,"customTemplate":false,"customTemplateFilename":null,"pageLinks":["180730361"],"dateCreated":"2024-06-16T16:40:35.689Z","dateUpdated":"2024-06-16T17:24:30.500Z","folderId":null,"pageName":"Дисплей_10643024","serverPageId":null,"sectionCount":1,"status":2,"backwardUrl":null}]